MTNR1B_Genes,MTNR1A_Genes,AANAT_Genes,Merged_Genes,PORCINE_Genes,CONTROL_Genes
AANAT,AANAT,AANAT,AANAT,SLC9A3,NOLC1
ABCC8,ADCY1,ALAS1,ABCC8,ADAMTS4,TRMT9B
ADAMTS9,ADCY4,AOC1,ADAMTS9,FADS2,ALAS2
ADCY4,ADCY6,AOC2,ADCY1,NOS2,CALHM1
ADCY5,ADCY7,ARNTL,ADCY4,GPX3,LINC02004
ADCY6,ADCY9,ARNTL2,ADCY5,CYYR1,PKD1L1
ADCY7,ADRA2A,ASMT,ADCY6,RGS2,PHF20
ADCY9,ADRA2B,ASMTL,ADCY7,SAMD12,RNU6-785P
ADRA2A,ADRA2C,BHLHE40,ADCY9,MAB21L3,AS3MT
ADRA2B,AGT,BHLHE41,ADRA2A,CAMSAP3,FABP5P7
ADRA2C,AGTR2,CIART,ADRA2B,LMO2,TPST2P1
AGMO,APLNR,CIPC,ADRA2C,FBLN7,H3C4
APLNR,ASMT,CLOCK,AGMO,MATN2,RN7SKP167
ARAP1,BDKRB2,CNGA3,AGT,KCNJ8,VSIG10L2
ASMT,CHRM2,COMT,AGTR2,EVPL,ENO1P2
BDKRB2,CHRM4,CREM,ALAS1,TPST1,RPL13AP2
C2CD4B,CNR1,CRY1,AOC1,ALAS2,GRAMD4P4
CDC123,CNR2,CRY2,AOC2,LENG8,DUX4L5
CDKAL1,CRY1,CSNK1D,APLNR,LMTK2,RNU6ATAC6P
CHRM2,DRD3,CSNK1E,ARAP1,ADORA1,PIGBOS1
CHRM4,DRD4,CYP1A1,ARNTL,TRIM6,TPM1-AS
CNR1,FAT1,CYP1A2,ARNTL2,SIK2,FRMD6-AS2
CRY2,FAT3,DBH,ASMT,DIDO1,MIR4471
DGKB,FLNA,DBP,ASMTL,RARRES2,CAMLG
DRD3,GHRHR,DDC,BDKRB2,ESRP2,RORA-AS2
DRD4,GLP2R,DRD4,BHLHE40,SALL2,RFC3P1
FAT1,GNA14,ESCO1,BHLHE41,CXCL14,CCDC58P1
FAT3,GNA15,ESCO2,C2CD4B,PLEC,LINC01444
G6PC2,GNAI1,FBXL3,CDC123,CHI3L1,RNU6-729P
GCGR,GNAI2,FOS,CDKAL1,PLEKHH1,FRK
GCK,GNAI3,GFPT1,CHRM2,FITM2,CTAG1A
GCKR,GNAT3,GFPT2,CHRM4,PLEKHO1,RNA5SP129
GIPR,GNAZ,GLS2,CIART,MYH14,SCRN2
GLP2R,GNB1,GLYATL1,CIPC,TMSB4X,RNU2-42P
GNA14,GNB2,GNPNAT1,CLOCK,LAMA4,TRBV12-4
GNA15,GNB3,GPR50,CNGA3,HERC6,LINC00470
GNAI1,GNB4,H6PD,CNR1,CTSC,PTGES3P1
GNAI2,GNB5,HDC,CNR2,C11orf1,SLC28A3
GNAI3,GNG10,HLF,COMT,VIM,SHC1P2
GNAQ,GNG11,HNMT,CREM,HSD11B1,UBE4B
GNAT2,GNG12,HTR1B,CRY1,SLC26A2,TGIF2P1
GNAT3,GNG13,IDO1,CRY2,THPO,LINC02867
GNAZ,GNG14,IDO2,CSNK1D,RTL6,GNG5P3
GNB1,GNG2,IL4I1,CSNK1E,CD34,AGL
GNB2,GNG3,INMT,CYP1A1,FHDC1,MTCO3P27
GNB3,GNG4,LAPTM4B,CYP1A2,ARHGEF5,ATXN7L3
GNB4,GNG5,LRTOMT,DBH,GNA15,SUMO2
GNB5,GNG7,MAOA,DBP,MCOLN2,AGAP2-AS1
GNG10,GNG8,MAOB,DDC,PCF11,NXNL2
GNG11,GNGT1,MTNR1A,DGKB,PLEKHA8,DNAAF5
GNG12,GNGT2,MTNR1B,DRD3,NFIL3,KLHDC7B-DT
GNG13,GPR17,NAA80,DRD4,EPHX2,ACD
GNG14,GPR18,NAT1,ESCO1,NCOA7,OR9I2P
GNG2,GPR183,NAT2,ESCO2,ARHGAP21,ZNF723
GNG3,GPR50,NFIL3,FAT1,RAB11FIP4,MAGI1-IT1
GNG4,GPR52,NOCT,FAT3,BCAR3,RPL23AP43
GNG5,GPR55,NPAS2,FBXL3,CFL2,SIGLEC20P
GNG7,GPSM1,NQO2,FLNA,CCL14,NUP50-DT
GNG8,HCAR2,NR1D1,FOS,SLC22A23,GRAMD1B
GNGT1,HTR1B,NR1D2,G6PC2,MAL,ACVRL1
GNGT2,HTR1D,OPN4,GCGR,ISYNA1,KCNK2
GPR50,HTR1E,PAGE5,GCK,FASN,TMEM33
HHEX,HTR1F,PASD1,GCKR,KIAA0930,CELA3B
HTR1B,HTR7,PER1,GFPT1,PRDM2,DUX4L7
HTR1D,KCNJ3,PER2,GFPT2,FADS1,CNTNAP3P5
HTR1E,KCNJ5,PER3,GHRHR,TET3,PNPLA2
HTR1F,LPAR2,PNMT,GIPR,SH3RF1,OR10AK1P
HTR7,LPAR3,POLR3K,GLP2R,ABL2,NELL2
IGF2BP2,MTNR1A,PPM1K,GLS2,HEXIM1,KIF3C
INS,MTNR1B,PPM1L,GLYATL1,HIC2,C6orf118
JAZF1,NMS,RIN1,GNA14,MFGE8,HPRT1P3
KCNJ11,NPAS2,RORA,GNA15,LUM,MED15
KCNJ3,NQO2,RORB,GNAI1,PTGS1,CACNG2
KCNJ5,OPN1LW,RORC,GNAI2,FSTL1,CD300H
KCNJ6,OPN5,SAT1,GNAI3,PLAU,HOOK1
KCNQ1,OXGR1,SAT2,GNAQ,FDXR,RNA5SP64
MTNR1A,PCDHGB7,SCN11A,GNAT2,SRRM2,RNU6-204P
MTNR1B,PCP2,SLC18A2,GNAT3,PWWP3B,PABPC1L2B
OPN1LW,PDCL,SLC1A4,GNAZ,PDGFRL,WBP1LP6
OPN1MW,PER2,SLC1A5,GNB1,FAM234B,MIR1227
OPN5,PER3,SLC38A1,GNB2,LMO7,DBN1
PDCL,PIK3R5,SLC38A2,GNB3,CHRD,DBF4
PIK3R5,PIK3R6,SLC38A3,GNB4,DES,RPL21P54
PIK3R6,PREX1,SLC38A4,GNB5,SNX33,SPATA31B1P
PLCB4,PRL,SLC38A5,GNG10,KLF13,IL17RC
PREX1,PTGER1,SLC43A2,GNG11,TTPAL,LINC01569
PTGER1,PTGER2,SLC6A14,GNG12,PTGDS,CCKAR
PTGER2,PTGER3,SLC6A3,GNG13,FGFR2,ZNF513
PTGER3,RGR,SLC6A4,GNG14,CRYAB,HSPE1P4
RGR,RGS10,SLC7A6,GNG2,AQP5,DENND6A-DT
RGS10,RGS13,SLC7A8,GNG3,DLX3,VN1R21P
RGS12,RGS16,TDO2,GNG4,ST6GAL2,TRAJ34
RGS13,RGS20,TEF,GNG5,PKIB,BMP7-AS1
RGS21,RGS21,TH,GNG7,ZMAT1,ROCK2
RLN3,RLN3,TIMELESS,GNG8,GADD45B,ASB6
RRH,RRH,TPH1,GNGT1,SPHK1,LINC00606
SCTR,SCTR,TPH2,GNGT2,RPL35,PWWP3A
SLC2A2,SRC,TPTEP2-CSNK1E,GNPNAT1,TRRAP,MIR6068
SLC30A8,SUCNR1,VIPR2,GPR17,ASXL1,CA7
TCF7L2,TNFSF11,YWHAE,GPR18,RPS15,GP1BA
WFS1,VAPB,YWHAZ,GPR183,NEXN,MYH14
,,,GPR50,PHLPP2,DKC1
,,,GPR52,CXCL8,MIR514B
,,,GPR55,METTL7A,OR2G6
,,,GPSM1,PKIA,ITGA11
,,,H6PD,CNN1,SLC7A7
,,,HCAR2,JAG1,MIR3148
,,,HDC,HSPA6,RNU7-181P
,,,HHEX,ATXN7,RTEL1-TNFRSF6B
,,,HLF,PRRX2,ZNF143
,,,HNMT,FRMD7,MIR548K
,,,HTR1B,CAMSAP1,SEPTIN10
,,,HTR1D,SLC52A3,TPM4
,,,HTR1E,FAM167B,MAFK
,,,HTR1F,TWSG1,LRRC7
,,,HTR7,ACLY,VN1R78P
,,,IDO1,SLC19A1,AKAP8L
,,,IDO2,TFPI2,MED15P3
,,,IGF2BP2,EPB41L2,LINC02013
,,,IL4I1,ANXA1,PRAMEF12
,,,INMT,PLA1A,PCDHB14
,,,INS,ZZEF1,FAF2
,,,JAZF1,SDC2,TMEM44
,,,KCNJ11,PPARG,BEX4
,,,KCNJ3,PPP1R14A,SNORA60
,,,KCNJ5,FAM180B,KITLG
,,,KCNJ6,PTPN3,STAB1
,,,KCNQ1,RRAS,ERGIC2
,,,LAPTM4B,TSPAN13,RN7SL262P
,,,LPAR2,RNASE4,ZMYND8
,,,LPAR3,PLCD3,RNU6ATAC
,,,LRTOMT,MMP14,HECA
,,,MAOA,HK2,MEF2C-AS1
,,,MAOB,CREBBP,RPL32P25
,,,MTNR1A,GMFG,C3orf20
,,,MTNR1B,MICALL1,RELA
,,,NAA80,HIP1R,PIGQ
,,,NAT1,B2M,SERPINI1
,,,NAT2,SCUBE3,HIC2
,,,NFIL3,PRDX4,LINC01873
,,,NMS,MBOAT2,RNY1P12
,,,NOCT,RHOJ,SCP2D1-AS1
,,,NPAS2,FLVCR2,RNU1-29P
,,,NQO2,DAGLA,RNU4-29P
,,,NR1D1,KHDRBS3,OTOR
,,,NR1D2,TANC2,MIR6133
,,,OPN1LW,SLC37A1,DDX19A
,,,OPN1MW,SEC16A,NADK
,,,OPN4,PTPRF,RN7SL418P
,,,OPN5,TMC4,MTCO3P19
,,,OXGR1,IRX4,RPSAP35
,,,PAGE5,GABRD,TRAJ8
,,,PASD1,SOD3,CHCHD2P5
,,,PCDHGB7,CD81,KRTAP9-3
,,,PCP2,PRKX,SNORA7A
,,,PDCL,COL6A1,TP53TG5
,,,PER1,TMEM86A,TEKT4P3
,,,PER2,BRWD1,CYB5AP2
,,,PER3,SPRY1,IGLV10-54
,,,PIK3R5,SPIRE1,ST13P3
,,,PIK3R6,ADAMDEC1,CPA5
,,,PLCB4,ARMCX3,RNA5SP332
,,,PNMT,PIKFYVE,STRADA
,,,POLR3K,NRP2,TMCO3
,,,PPM1K,CHKA,LINC00566
,,,PPM1L,PLEK,PDE6H
,,,PREX1,LCP1,EIF1AY
,,,PRL,GSTM3,VN1R70P
,,,PTGER1,ZSWIM8,SLC46A1
,,,PTGER2,TEK,ING1
,,,PTGER3,SRPX,HNRNPFP1
,,,RGR,RTL5,CENPX
,,,RGS10,CCDC51,CNNM2
,,,RGS12,GPR137B,RNU1-40P
,,,RGS13,ATRIP,TST
,,,RGS16,KIAA1109,P3R3URF
,,,RGS20,HMGN3,SUN5
,,,RGS21,ANGPTL2,CHIAP3
,,,RIN1,MBOAT1,SERPINA11
,,,RLN3,PLAT,MAP4K1
,,,RORA,PIGA,SETD6P1
,,,RORB,DAB2,TEX12
,,,RORC,KIF1B,FKBP3
,,,RRH,ENAH,GBP3
,,,SAT1,KHDC4,LINC01755
,,,SAT2,FBP1,RNU6-1155P
,,,SCN11A,ZBTB7B,THSD7A
,,,SCTR,SOCS3,MARK3P1
,,,SLC18A2,COL5A2,TBX4
,,,SLC1A4,LGALS3BP,ARMH1
,,,SLC1A5,FUCA2,RN7SL563P
,,,SLC2A2,MEDAG,IGLV3-15
,,,SLC30A8,MFHAS1,HUS1
,,,SLC38A1,FBLIM1,GGA1
,,,SLC38A2,RAMP2,FAM186B
,,,SLC38A3,TMEM263,COL21A1
,,,SLC38A4,POSTN,SNRPB2
,,,SLC38A5,UBXN11,RPL36AP16
,,,SLC43A2,ABCC2,SELENOO
,,,SLC6A14,DLG5,NDUFA5P7
,,,SLC6A3,HBM,MTCO1P49
,,,SLC6A4,COL4A2,RNA5SP282
,,,SLC7A6,CTSV,HSPE1P6
,,,SLC7A8,BRPF1,ATP2B4
,,,SRC,DUSP8,RNU6-516P
,,,SUCNR1,TFAP2A,RAPGEF4-AS1
,,,TCF7L2,PNISR,LNPK
,,,TDO2,MNT,COMMD4P1
,,,TEF,COL18A1,ZNF182
,,,TH,FAM193B,IFNLR1
,,,TIMELESS,SCEL,AMY2B
,,,TNFSF11,CEP170B,SIGLEC6
,,,TPH1,EP300,SNORD114-28
,,,TPH2,TNFRSF11A,ZNF649
,,,TPTEP2-CSNK1E,BAHD1,SPRR2D
,,,VAPB,RIPK4,UBE2E1
,,,VIPR2,PDPK1,CCDC28A
,,,WFS1,LGALS1,CLCN3P1
,,,YWHAE,WDFY3,MTRF1LP1
,,,YWHAZ,TP53INP1,CCNJL
,,,,MT-ATP8,LINC01215
,,,,ARHGAP39,ZBTB49
,,,,ADCY9,UCK2
,,,,SH3BGRL3,TNFSF11
,,,,MOCS1,PITPNC1
,,,,ARID1A,PRNT
,,,,NIBAN1,CD24P2
,,,,KMT2C,TMEM239
,,,,GOT2,ANKAR
,,,,C1orf54,SCAI
,,,,STMN1,ARL3
,,,,EGFR,PPIAP31
,,,,AFDN,PRELID1P3
,,,,CHRM3,GEMIN8P3
,,,,HLA-DQB2,TUBAP4
,,,,ZDHHC1,TADA2B
,,,,ABCC10,MRPL50P1
,,,,MYO10,RPS6P14
,,,,FLI1,NPM1P20
,,,,WWC1,CDC27
,,,,RAPGEF2,SGO1
,,,,MDM4,RNA5SP514
,,,,HCLS1,XG
,,,,LAMC3,IGLJ1
,,,,FOXF1,ARID2
,,,,GNG10,SMARCD3
,,,,CLVS2,DPYS
,,,,PCNX3,EIF4A1P7
,,,,EMP3,IGKV1OR22-1
,,,,RSPO3,HIGD2B
,,,,KREMEN1,PLEKHM1P1
,,,,TUB,MLLT11
,,,,STOM,ADAMTS1
,,,,RASSF6,LINC01514
,,,,CLU,FCGR2B
,,,,ZNF518B,LINC02500
,,,,CASK,RBL1
,,,,FCGRT,RNU6-807P
,,,,ZFC3H1,RPSAP5
,,,,RNF217,MIR4511
,,,,IL33,GPX1P2
,,,,CTHRC1,RNU7-157P
,,,,NFRKB,RPS3AP46
,,,,DICER1,MTUS2-AS1
,,,,CYBRD1,VTI1BP3
,,,,CD38,SLC35B3
,,,,MARCO,UBE2DNL
,,,,HPSE,MAPT-IT1
,,,,ASAP2,SND1
,,,,OGT,VN1R65P
,,,,ITIH5,DSTN
,,,,FKBP10,TRBV14
,,,,AGFG2,LINC01627
,,,,DOK4,FAM110A
,,,,ACSL1,RPL7P52
,,,,WNT7A,RN7SL621P
,,,,TPM1,RNU5B-4P
,,,,BCL9L,KLF9
,,,,SLC12A2,GPR1-AS
,,,,PRPSAP1,BLOC1S6P1
,,,,APOLD1,TDRD9
,,,,ZBTB34,PLCL2-AS1
,,,,SORBS2,LRRC9
,,,,GRB7,RGPD8
,,,,LGI2,ZBTB46-AS1
,,,,PRXL2A,ROR1-AS1
,,,,FGFR3,NRG3
,,,,PTGFRN,ARL6
,,,,KITLG,COL8A1
,,,,ANO8,GOT2P6
,,,,NRP1,TMEM220-AS1
,,,,MT-CO2,RPL31P63
,,,,PTX3,FAN1
,,,,SERPINH1,GJC2
,,,,MYH11,ALAD
,,,,BCL9,PPIAL4D
,,,,SLC6A9,SNRPD3
,,,,ZNF521,REM2
,,,,TNFAIP2,ALPK1
,,,,CLCN3,FAM160A1-DT
,,,,SCARF1,RPS20P10
,,,,TNS3,RN7SKP14
,,,,THBS1,SGK1
,,,,ADGRE5,MFSD14C
,,,,MLXIP,LINC00905
,,,,LRRC25,GMEB2
,,,,SRSF5,KRTAP11-1
,,,,SNX29,FMO10P
,,,,IL13RA1,VN1R4
,,,,SMYD2,MAGI2-AS1
,,,,SERPING1,STMN3
,,,,CCN2,CLN3
,,,,MX2,CHCHD6
,,,,ANKRD52,LINC02640
,,,,SPRING1,ATP1B3
,,,,PFKP,PFN4
,,,,STK10,USP17L25
,,,,FBRS,BCAR3
,,,,MVK,CBX5
,,,,LIPA,PCBP1
,,,,PLVAP,MIR454
,,,,RCN3,RNA5SP153
,,,,ZDBF2,LINC00960
,,,,PPP1R3B,GPR146
,,,,SPP1,MATN4
,,,,MXRA8,LINC01260
,,,,LSAMP,RNU7-123P
,,,,GCNT4,IMPDH1P5
,,,,MAP3K13,REV3L
,,,,ATP2B1,RNU1-130P
,,,,EDN1,FAM207CP
,,,,MYBPH,CDC20
,,,,ACTG2,AMFR
,,,,TTC22,DNAJA1P6
,,,,CIC,MIR6815
,,,,IKBIP,PARD6A
,,,,OSGIN1,CT45A6
,,,,TMEM245,MED13L
,,,,EPN3,FAM90A1
,,,,VCAM1,MIR604
,,,,EXT1,DLK1
,,,,GPNMB,LINC00342
,,,,IPO11,OSBPL9P2
,,,,ANKRD11,MIR4447
,,,,CDC42BPB,PBX4
,,,,MFN2,DLGAP1-AS5
,,,,P2RX1,LINC00867
,,,,NDE1,RPS15AP24
,,,,GRHL1,MIR345
,,,,COL6A3,LINC01111
,,,,LHFPL6,SLC25A5P5
,,,,VPS18,TFAMP2
,,,,CPE,RNU6-590P
,,,,HYOU1,TMTC4
,,,,TACC2,KLHL15
,,,,ZEB2,ACTL8
,,,,GIPC2,KIF2A
,,,,CRAMP1,ZNF565
,,,,CALCR,CDKL2
,,,,CDCP1,C12orf40
,,,,BCAT1,MRPL45P1
,,,,SLC9A3R2,ALX4
,,,,CLUH,OR52E2
,,,,MSRB3,RN7SL180P
,,,,SLC10A1,LNCNEF
,,,,PRKDC,XKRY
,,,,LAPTM5,GASAL1
,,,,MBNL1,LINC02137
,,,,BGN,WEE1
,,,,EPHA4,HMGN2P28
,,,,UBXN2A,RNU6-1019P
,,,,FGD5,SPDYE14
,,,,SPRY2,KRTAP20-4
,,,,OTUD4,IGKV2-36
,,,,PHLDB3,DNAJB5
,,,,VTCN1,MIR3178
,,,,SIPA1,SEMA6A-AS2
,,,,NAALADL2,POLR3B
,,,,NEDD4L,CLEC4F
,,,,RASSF4,PAM16
,,,,HUWE1,ITPKB
,,,,GALNT18,SYNJ2-IT1
,,,,UBR4,RTL8C
,,,,RAB3IL1,UPB1
,,,,MRPS27,MIR6788
,,,,SMCR8,RNU6-687P
,,,,HSPA1L,CHP1P2
,,,,SH2B3,RPS2P52
,,,,CCDC152,KCNK6
,,,,KIAA1522,TMSB4XP4
,,,,PGAM1,RNU6-880P
,,,,XKRX,MIR1912
,,,,IFIT2,MALLP2
,,,,MOXD1,LINC00924
,,,,TP63,ZBTB38
,,,,ITPRIPL2,OTOGL
,,,,SCRN1,AGPAT1
,,,,IRF8,PPIAP87
,,,,JAM2,WDR27
,,,,FNBP1,CEP170P1
,,,,CCDC39,TLNRD1
,,,,MEOX2,ACBD3-AS1
,,,,A2M,CPED1
,,,,GPER1,MIR383
,,,,VPS13D,ZNF431
,,,,SREBF2,RPL41P1
,,,,RPS8,GBP5
,,,,PATJ,CXCL2
,,,,FBN1,CSTF2T
,,,,SLC39A14,S100A11P6
,,,,PIGQ,NLRC3
,,,,QSOX1,KRT18P9
,,,,ASXL2,IL25
,,,,TLCD4,SMC3
,,,,RPS25,CRTC2
,,,,RAB6B,LUZP4P1
,,,,CAMKK2,LINC01066
,,,,LXN,IQCN
,,,,EXOSC1,ADAP2
,,,,PDGFB,ACADL
,,,,LYVE1,HMG20B
,,,,ANKRD33B,SH3GL1P2
,,,,TRAM2,ESRRG
,,,,CH25H,FRMD6-AS1
,,,,MT-CO3,LINC02471
,,,,HDGFL3,ZNF865
,,,,TIAM1,CSTF3
,,,,IPO4,RNU1-32P
,,,,PAX4,ANAPC2
,,,,DEUP1,MIR103B2
,,,,SLC15A3,RBM22P7
,,,,MT-ATP6,SLC6A9
,,,,MTURN,TRIM47
,,,,SELENOM,NBPF25P
,,,,MRTFB,MIR1289-2
,,,,ABCB6,DAZAP2
,,,,INHBA,SRSF3
,,,,NBEAL1,TUBGCP3
,,,,ETS1,LINC02268
,,,,PAQR8,GTF2IP20
,,,,ALDH2,NEU3
,,,,AXL,STOM
,,,,JPH1,RNU6-470P
,,,,ST8SIA4,H2BL1P
,,,,KRCC1,STEAP4
,,,,MPDZ,MTCO2P10
,,,,NSMF,KDM6A
,,,,FSCN1,FAM197Y5
,,,,PECAM1,RPS26P21
,,,,ZFYVE1,RGS22
,,,,ARFGEF2,TMEM150C
,,,,SNAI2,TGM2
,,,,ELF5,JAZF1-AS1
,,,,PLK2,ZBTB20-AS5
,,,,SGPL1,BANF1P5
,,,,ABHD2,BACH1-IT2
,,,,EVA1B,DYNC1LI2
,,,,CPM,RNU7-95P
,,,,TAGLN,USP17L5
,,,,SP6,CYFIP2
,,,,ACSF2,TRIM37
,,,,CX3CR1,SVBP
,,,,NAP1L1,PRDX5
,,,,EMCN,RN7SKP289
,,,,TBX1,LINGO1
,,,,MAU2,APLN
,,,,ITGA5,PODNL1
,,,,PPP1R13L,LINC02213
,,,,PAPSS1,ZNF528
,,,,ARID5A,AADACL2-AS1
,,,,NPC1,PPP1R1A
,,,,NOTUM,COPG1
,,,,ENG,GAL3ST1
,,,,TTC14,RNU6-973P
,,,,ELK3,CDY10P
,,,,DLX4,HSPA5P1
,,,,RPL23,IGSF8
,,,,SLC12A4,BMP1
,,,,FUNDC1,C2orf76
,,,,MT-CO1,RPL27P12
,,,,ZEB1,SNORD115-9
,,,,CFAP61,LINC00315
,,,,SLC24A3,IARS2
,,,,CD248,PHEX-AS1
,,,,LTBP1,RBMY2XP
,,,,COX4I2,TRGC2
,,,,GPX8,OR4A6P
,,,,CAMSAP2,FAM74A6
,,,,EXOC3,GABRE
,,,,ITGAV,MIR1178
,,,,CPEB4,IPO5
,,,,PPP1R3C,MIR30C2
,,,,HERC4,CYP3A54P
,,,,ZFP36L2,RNU6-808P
,,,,CAPN2,SUMO2P13
,,,,DDB1,LINC00384
,,,,KHNYN,PARP6
,,,,PAQR9,TDRD12
,,,,RFTN2,PZP
,,,,TNFAIP6,RNU5E-10P
,,,,ANKS1A,SEBOX
,,,,PRPF4B,SNORA69
,,,,NECTIN4,MIR1910
,,,,ZNF473,RCE1
,,,,SULF1,FAM171B
,,,,LPIN1,RNU4-50P
,,,,SCNN1A,RIPOR2
,,,,PPARGC1B,ANKRD18A
,,,,HOXD4,HMGB1P3
,,,,ATP6V1C2,TYK2
,,,,OSBPL10,MRPL57P8
,,,,MSX2,PFKP-DT
,,,,FKBP9,TACC3
,,,,LRIG2,MAGEH1
,,,,NPC2,RN7SKP29
,,,,SMAD6,LINC00891
,,,,EFEMP2,GCSHP4
,,,,RPS13,LRRN1
,,,,SDS,TERF1P6
,,,,ARC,RCBTB2P1
,,,,FAM160A1,LINC01191
,,,,PTK7,OR7E101P
,,,,DPY30,HNRNPA1P50
,,,,FGFRL1,SLC37A4
,,,,GATA5,SNORD113-3
,,,,MCM6,IFNWP15
,,,,SARM1,HNRNPA3P6
,,,,PRRC2A,ASCC1
,,,,SLC16A11,CA15P1
,,,,WEE1,PTP4A2P1
,,,,HIVEP2,NR4A2
,,,,TASOR2,HNRNPA1P49
,,,,TNFRSF19,SEPTIN14P2
,,,,RPS11,RRH
,,,,PRCP,RNU6-1320P
,,,,DAPK1,MIR296
,,,,HIGD1B,RN7SL32P
,,,,COL9A3,PROSER2
,,,,CD93,SMC2
,,,,AVL9,PLEKHH2
,,,,PFKFB2,NISCH
,,,,NOP53,CCIN
,,,,FAM110A,HMGN2P36
,,,,CCNT1,SNORD68
,,,,GIGYF1,TRGV3
,,,,AATK,FERP1
,,,,SERTAD4,MORN4
,,,,KDM1B,ISCU
,,,,PLBD2,SNRPCP8
,,,,PKMYT1,LINC02846
,,,,CLOCK,NAP1L3
,,,,MYO1B,ADRA1D
,,,,B3GAT2,TRAV19
,,,,HDAC6,COX5BP8
,,,,CORO1A,CHFR
,,,,ZBED5,COASY
,,,,PLAC9,RNA5SP214
,,,,CAV1,PPIAL4H
,,,,RASGRP3,SUGT1
,,,,FMOD,GMDS
,,,,STARD5,MTND5P30
,,,,PXDN,SPRED1
,,,,ZFHX3,ANKRD10-IT1
,,,,FECH,DEFB129
,,,,NNT,RNU1-6P
,,,,PTPN14,RNA5SP217
,,,,CREBZF,ZNF667
,,,,PRKG1,STX8
,,,,G0S2,PMS2P8
,,,,FMNL3,CSNK1D
,,,,DPYD,TENT4B
,,,,DMRTA2,PFAS
,,,,CAPN15,MIR501
,,,,SNRPD2,ZNF69
,,,,TRIO,SLC22A11
,,,,DGKD,SNX18P3
,,,,COX20,POLR2LP1
,,,,SLC30A4,CNTD1
,,,,MYLK,LINC00261
,,,,POMP,MTHFD1
,,,,FBXO31,LINC01785
,,,,VSTM4,RNU6-1263P
,,,,FCHSD2,GAGE12E
,,,,JAK3,KRT39
,,,,RNF182,RPL9P7
,,,,ANTXR1,RN7SL18P
,,,,CCNL2,NUDT19P3
,,,,PON1,CDC42SE1
,,,,AJUBA,RPL23AP39
,,,,STK17A,UTRN
,,,,CLEC11A,SAT1
,,,,MFAP2,RNU6-130P
,,,,FEM1A,KAT7P1
,,,,CAPG,LINC02658
,,,,SYNE2,TAB2-AS1
,,,,TXNDC11,GSAP
,,,,TBC1D10B,CNDP1
,,,,MARK2,LINC00376
,,,,ITM2B,CCT4P2
,,,,USP12,SCO1
,,,,EP400,KIF18A
,,,,SETD1A,RNU6-473P
,,,,RPS9,NPBWR2
,,,,CDS2,OR5M9
,,,,HECTD4,MEG3
,,,,TCF21,CASQ2
,,,,KCNJ14,HADHA
,,,,UROS,RNY3P15
,,,,SELENOI,RN7SL853P
,,,,NPEPPS,CEACAMP4
,,,,AMPH,TUBB8P1
,,,,TM6SF1,BRME1
,,,,TRIM22,PERP
,,,,UNC13B,NR2E1
,,,,NT5DC3,ZNF852
,,,,SULT1C4,KHDRBS2
,,,,NOXA1,MIF-AS1
,,,,NKTR,MIR181D
,,,,DPYSL3,MUCL1
,,,,PRPF39,PYGB
,,,,HNRNPA1,LINC01745
,,,,CPNE2,UBE2FP1
,,,,MT-ND4L,MPP7
,,,,CDYL2,WASH4P
,,,,LARP1,APOL6
,,,,NOSTRIN,ADCY6
,,,,AKT3,GOT2P3
,,,,CALCRL,RNA5SP258
,,,,BICRAL,MIR590
,,,,NUCKS1,ATP13A5-AS1
,,,,SBF1,METTL2A
,,,,CXCR4,TAF9
,,,,RPS21,ENOX1
,,,,APLN,RNU6-162P
,,,,SEMA5B,DDX50P1
,,,,WDR24,LINC01790
,,,,ABCC1,OR5W2
,,,,GASK1B,RNU6-778P
,,,,GSE1,LINC01765
,,,,IFNLR1,RNU6-53P
,,,,GAS2L3,SP4
,,,,ERBB3,TSTD1
,,,,CEBPA,RPL23AP38
,,,,DKK2,ATP5F1AP4
,,,,IFNGR2,CR2
,,,,RASSF5,MIR4999
,,,,DZANK1,RPL21P135
,,,,NUFIP2,MRPS31
,,,,MMP19,ARL17B
,,,,SHTN1,PDZD7
,,,,FGF13,PTGES3L-AARSD1
,,,,ZMYM2,LINC02270
,,,,CRLF1,GBGT1
,,,,FAM20B,COX6CP3
,,,,HIP1,C6orf62
,,,,GTF3C4,FASLG
,,,,GYPC,OR2B11
,,,,MED12L,BLOC1S2P1
,,,,AKAP17A,RPS21P2
,,,,SERPINB5,TBPL1
,,,,TCIM,IGKV3D-25
,,,,TMEM176A,RN7SKP134
,,,,TMEM94,TROAP
,,,,FAM169A,TAF11L13
,,,,MISP,KATNBL1
,,,,CASR,ZCCHC8
,,,,FBXO38,SLC15A5
,,,,CDKN2B,OPA1
,,,,TRIM56,ZFAND5
,,,,RDH16,PPP6R2P1
,,,,ACSS2,SNX19P1
,,,,ALKBH6,ZNF630
,,,,GPIHBP1,UBBP5
,,,,CCDC88A,LUC7L3
,,,,SLC16A14,RPL27
,,,,SEC14L1,GNLY
,,,,DNAJA4,H4C1
,,,,OLFML3,APOBEC3AP1
,,,,MGA,NANS
,,,,UGGT2,MIR30A
,,,,GPATCH8,RNU6-71P
,,,,COL8A2,UGT3A1
,,,,TRAK2,RNU6-219P
,,,,TRIM66,CEBPE
,,,,ACTN1,OR51A3P
,,,,ARHGAP44,RNA5SP293
,,,,PDGFD,TNPO1P2
,,,,RUBCN,COX7A2
,,,,GBX1,LINC02281
,,,,MLLT3,CCNH
,,,,COG3,ERCC8
,,,,COL5A3,FRG1FP
,,,,RAD54L2,MIR8081
,,,,FAM83H,DDAH1
,,,,DLL4,SLC34A2
,,,,ABHD13,TAGAP
,,,,OSBPL1A,FOXB2
,,,,WIPF2,BACE1
,,,,GBF1,TTTY21B
,,,,NES,IGFL4
,,,,MAP3K20,ITGA1
,,,,AASS,ZIM3
,,,,DYNLT3,PKMP1
,,,,GPM6B,RBP1
,,,,ZNF319,SH3TC2
,,,,BAZ2A,RN7SL664P
,,,,MYL9,RNA5SP132
,,,,TICAM1,MIR892A
,,,,LUC7L3,FBXL8
,,,,DUOX1,ZNF576
,,,,ZNF16,RNU6-1258P
,,,,SNORD24,GRM7-AS2
,,,,S100A14,IGKV1-6
,,,,TNK2,RNU7-84P
,,,,SPARC,TOMM22P5
,,,,MMP7,DHRS2
,,,,CCDC120,NPM1P22
,,,,NAGS,IGHD4-4
,,,,FAM162B,MIR487B
,,,,TENT5A,MTND5P15
,,,,THRB,C8orf34
,,,,RAP1A,LINC01527
,,,,AGT,KRT76
,,,,HLA-DMB,OR51K1P
,,,,SLC6A20,ZWILCH
,,,,SOCS7,RNU4-83P
,,,,TTC39A,OR10T2
,,,,MAP3K2,MIR4728
,,,,AP1G1,NR1D2
,,,,MT-CYB,MIR4666A
,,,,PAXBP1,MIR7977
,,,,PHF8,ZNF280A
,,,,EFCC1,NOS2P1
,,,,ZAN,LINC01973
,,,,ENTPD1,CLIC1P1
,,,,SLC8B1,TBCC
,,,,MARK1,MYBPC3
,,,,HACD4,TCTN1
,,,,KIF3B,INCENP
,,,,ADD3,RPS4XP9
,,,,ACACA,STK31
,,,,RNPC3,VPS13B
,,,,RDH10,BHLHE23
,,,,EDEM1,SOX5-AS1
,,,,APCDD1,RNU7-156P
,,,,SEMA5A,PLP1
,,,,NAALAD2,FAM8A3P
,,,,TNRC18,PAWRP1
,,,,ACP4,RPS4XP2
,,,,SULT1B1,OR2T8
,,,,CYRIA,CD46
,,,,NDUFA4L2,RN7SL435P
,,,,PPP6R1,PRDM6
,,,,MYRIP,MIR1302-9
,,,,MARCHF1,RPL21P35
,,,,QSER1,GET3
,,,,CECR2,ARHGAP42P3
,,,,BAIAP2,RNU6-524P
,,,,TMEM184A,LINC00710
,,,,DOT1L,CYP4X1
,,,,PITPNM2,SGCEP1
,,,,GUCY1B1,PTMAP1
,,,,RPL29,RN7SL148P
,,,,PRDX1,VN2R1P
,,,,PLEKHM1,MIR6859-1
,,,,COL4A3,RNF14P1
,,,,CCN3,LINC02815
,,,,PRR14L,P2RX2
,,,,NDUFS4,MRGPRX1
,,,,EPN2,PNPT1
,,,,LSS,PCAT5
,,,,TNRC6A,HNRNPA3P12
,,,,TBCA,LHFPL3-AS1
,,,,RAB40C,EVX1
,,,,PRKD1,MIR27B
,,,,POU4F1,RNU1-88P
,,,,ERBB2,EBF3
,,,,GPR34,NLRP3
,,,,SPARCL1,LINC00113
,,,,MT-ND4,LYNX1-SLURP2
,,,,SLC17A7,GLI4
,,,,TCAF1,TMPRSS11B
,,,,STRIP1,BHLHE41
,,,,GPC4,MIR1257
,,,,SLC25A39,LY6H
,,,,SYNJ2,MTDH
,,,,USP7,RN7SL442P
,,,,PPP1R3F,SIRLNT
,,,,NR2C2,NUP37
,,,,WDTC1,RNU6-909P
,,,,ATXN1L,PTTG1
,,,,KDM2A,RN7SL477P
,,,,CFD,TXNL1
,,,,BICDL2,FTH1P20
,,,,ARAP2,MLC1
,,,,NOL6,GSX1
,,,,TMEM237,CRMP1
,,,,ANO3,DMWD
,,,,DUSP16,EPN1
,,,,HOXD3,ORM1
,,,,SUCLG2,NANOGP9
,,,,BOD1L1,INTS4P1
,,,,DLX2,C6
,,,,PAM,SCTR-AS1
,,,,CYB561D1,SPTLC1P2
,,,,ADAMTSL4,RNU1-8P
,,,,GJC1,RPL34P18
,,,,ITIH4,BOP1
,,,,SLC35E1,DCXR
,,,,PNN,IGHVIII-76-1
,,,,TSPYL2,MIR4732
,,,,OPLAH,MIR3929
,,,,MDC1,GPR162
,,,,FASTKD5,RPS20P31
,,,,ITGA7,RPL7P22
,,,,TMEM88,IVNS1ABP
,,,,MT-ND3,MTCO1P56
,,,,CHRNB2,POM121L10P
,,,,CCDC80,ZNF322P1
,,,,PRDX3,OR7E136P
,,,,RNF19A,DPRX
,,,,GOLM1,HERC1
,,,,ZNF281,C2orf69P2
,,,,GCH1,ITM2C
,,,,OTUD7B,TSPYL4
,,,,HAND2,C8orf37-AS1
,,,,CDH5,EHF
,,,,ARHGEF16,TRPM8
,,,,AKR1A1,MRPS10P1
,,,,HLA-DMA,EPCAM-DT
,,,,SLC6A8,PABPC4L
,,,,CPED1,MTND5P21
,,,,SLC39A9,RPL23AP63
,,,,SBNO1,LINC01830
,,,,PLEKHD1,PHF24
,,,,B3GALNT1,ARHGEF7-IT1
,,,,RPL30,CDK2AP2P1
,,,,APLF,PHGDH
,,,,PAK6,ESD
,,,,KLHDC4,URI1
,,,,HLA-DRA,LEKR1
,,,,RPL24,PRPS2
,,,,CAV2,FBXL20
,,,,SNAPC4,NENFP1
,,,,PLEKHA2,SIRPAP1
,,,,SYCP3,TIMP4
,,,,CLEC14A,MIR4632
,,,,MS4A2,IGHVIII-47-1
,,,,POLR2A,LYZL1
,,,,RBBP6,POP4
,,,,ANXA13,MIR8054
,,,,TMIGD3,VN1R71P
,,,,MAVS,SCGB2A2
,,,,PTPN23,GPX3
,,,,LIX1L,FLG2
,,,,TPGS2,METTL21C
,,,,RUNDC1,BAZ1A
,,,,ANKH,TSSC4
,,,,ADAMTS1,TBC1D27P
,,,,IVNS1ABP,STARD13-AS
,,,,CREB3L1,RPS15AP5
,,,,COL12A1,ERCC5
,,,,SUPT20H,UBXN2A
,,,,SCIMP,LNCDAT
,,,,MARCHF3,CLPX
,,,,COL6A2,ADAMTS12
,,,,STING1,VPS8
,,,,ARHGAP45,MEIS3
,,,,SAMD9,IRGQ
,,,,RPAP1,MIR4425
,,,,WWC3,MDC1-AS1
,,,,ATP5IF1,LINC00615
,,,,PIGH,SNRPCP2
,,,,ERRFI1,LINC02874
,,,,SULT2B1,CTBP2P7
,,,,ZNF740,TIMM9P1
,,,,MAPKBP1,RNU6-665P
,,,,ZNF687,MED18
,,,,MGP,SESN1
,,,,FAM204A,CYP2B7P
,,,,EXOC8,LINC02251
,,,,UBASH3B,SPACA5B
,,,,C6orf132,LINC01034
,,,,ARHGEF15,PPP1R1B
,,,,ARSK,HMGB1P38
,,,,EFNB1,SNORD115-23
,,,,SZT2,RNU7-79P
,,,,MARCKS,LMO7DN-IT1
,,,,C2,DMXL2
,,,,ACOX1,RNU6-922P
,,,,SESN2,YWHAQP4
,,,,DYRK1B,AOPEP
,,,,RNF125,RPH3A
,,,,CEBPD,ZBBX
,,,,PROS1,MIR4513
,,,,CHST11,ZNF404
,,,,CLEC3B,RNU6-113P
,,,,AEBP1,MIR3192
,,,,FAP,DHX40P1
,,,,RPL37A,LINC01735
,,,,CD53,RPS28P1
,,,,ZFYVE26,PGAM1P2
,,,,CPSF7,SETDB2
,,,,PITX2,USP9YP33
,,,,TSPAN6,PSPH
,,,,C1QTNF7,MIR8085
,,,,RANBP2,PLEKHA6
,,,,EMILIN1,RPS3AP9
,,,,CLIP1,MIR181B1
,,,,MMP28,CPSF6
,,,,CEP83,ENPP7
,,,,DEPTOR,MIR4804
,,,,ENTPD8,LBR
,,,,ATP8B4,HIPK1
,,,,DUSP3,DLSTP1
,,,,TGFB1,CEP57L1
,,,,NCKAP1L,SNORD18C
,,,,MYCT1,OR52M1
,,,,NUP98,RNU1-142P
,,,,HHIPL2,PIP4P1
,,,,LIMD2,DBIL5P
,,,,MYL12A,CAPZA3
,,,,TADA1,TMEM252
,,,,PCYT2,CEP120
,,,,PRRC2C,CLEC4O
,,,,PPFIA4,RNU6-127P
,,,,SLC12A7,RNA5SP210
,,,,NOL11,CEACAMP3
,,,,MTMR12,CASD1
,,,,DNAJC8,LINC01964
,,,,SMC6,RN7SL775P
,,,,USP34,ZBED6
,,,,PSIP1,LINC01414
,,,,HLTF,LINC02008
,,,,PDHA1,IL6STP1
,,,,TAF7,MIR1972-2
,,,,ARHGAP35,CPEB1
,,,,JARID2,RPL8P1
,,,,AQP2,RNU6-1209P
,,,,CYBA,MIR99B
,,,,JAM3,TRBV7-5
,,,,KSR1,RN7SKP137
,,,,GJB6,AGR3
,,,,AMIGO3,OSGEPL1
,,,,CD109,MIR188
,,,,GATA2,RNU6-73P
,,,,ARHGAP25,VN1R10P
,,,,ITM2A,TMEM38B
,,,,TF,PARTICL
,,,,ITGAL,CCL4
,,,,LAD1,CLCN1
,,,,KMT2B,RPS9P1
,,,,BTBD7,CENPB
,,,,PSKH1,RN7SKP149
,,,,CD37,SLC25A28
,,,,MAST4,RBBP4P6
,,,,CCDC125,RNA5SP63
,,,,PPP1R1A,LINC00469
,,,,EXO5,SLC25A3P1
,,,,CAVIN1,EML2
,,,,LAT2,AGPAT5
,,,,NSDHL,MIR582
,,,,MON1A,RNA5SP228
,,,,AAK1,CFAP99
,,,,RHOQ,KYNU
,,,,MMP2,TBC1D3B
,,,,STK3,NAMA
,,,,NFX1,MDM4
,,,,APP,TEX37
,,,,SNRNP70,ADAMTS7P4
,,,,SMAP1,LINC01954
,,,,ACIN1,ADGRD2
,,,,RNASEL,SNF8
,,,,EXOC3L1,TTC27
,,,,MICAL3,IFT43
,,,,LENG9,RPAP3
,,,,SNX18,RNU4-47P
,,,,LDB2,GPAT2P2
,,,,STPG4,HNRNPA1P27
,,,,TAMALIN,ZDHHC20-IT1
,,,,DENND1B,RNU6-1012P
,,,,FAR1,C11orf71
,,,,ZBED4,LINC01780
,,,,DNAJC16,PIGA
,,,,TTC19,SYNM
,,,,PPP2R2B,SIKE1
,,,,CNOT1,MAL2
,,,,PROM1,DCUN1D5
,,,,ARHGAP32,TOMM70
,,,,PGRMC1,NDUFA12P1
,,,,ST3GAL4,H3-4
,,,,WAS,RN7SL380P
,,,,SYAP1,KLHL22
,,,,ARFGAP2,CDH12P2
,,,,NCOA2,SNRPF
,,,,DNAJC17,TTC3-AS1
,,,,SLC41A1,RNU6-392P
,,,,NT5E,ELOVL1
,,,,USP22,TCF12
,,,,NCOR2,RN7SL655P
,,,,SETD5,
,,,,P2RY12,
,,,,ATP10D,
,,,,C1QTNF1,
,,,,SNRNP200,
,,,,SON,
,,,,TCAIM,
,,,,SPI1,
,,,,C1orf21,
,,,,ARRDC3,
,,,,CERCAM,
,,,,ARL14EP,
,,,,ADAMTS12,
,,,,AKIRIN1,
,,,,SPATA2,
,,,,ING5,
,,,,KIAA0895,
,,,,CGNL1,
,,,,C18orf21,
,,,,GPAT4,
,,,,GTF3C1,
,,,,HLX,
,,,,PKD1,
,,,,CCDC50,
,,,,KCNE4,
,,,,EDN3,
,,,,ACSL5,
,,,,HEY2,
,,,,SLC35F3,
,,,,VWA1,
,,,,ZDHHC23,
,,,,MTOR,
,,,,RPL37,
,,,,PPIC,
,,,,BANK1,
,,,,STK35,
,,,,ZNF646,
,,,,PER2,
,,,,CALD1,
,,,,LTA4H,
,,,,RXRA,
,,,,RANBP10,
,,,,COLCA2,
,,,,SPHK2,
,,,,DEPP1,
,,,,SH3KBP1,
,,,,TFEB,
,,,,LRRC70,
,,,,LRBA,
,,,,PIK3R4,
,,,,KCNJ15,
,,,,EDEM3,
,,,,MFAP5,
,,,,EBF1,
,,,,IFI30,
,,,,SGK2,
,,,,VCL,
,,,,TMEM47,
,,,,PSME2,
,,,,RBBP8NL,
,,,,SMARCA2,
,,,,WNT7B,
,,,,SAV1,
,,,,PDE4A,
,,,,TMTC1,
,,,,ADGRF5,
,,,,TLN2,
,,,,MACF1,
,,,,SERTAD2,
,,,,NIN,
,,,,GIGYF2,
,,,,ACTA2,
,,,,COL14A1,
,,,,RUSC2,
,,,,STK39,
,,,,LSM3,
,,,,UBN1,
,,,,CHPT1,
,,,,S100A10,
,,,,GHR,
,,,,SAP130,
,,,,ABAT,
,,,,MCM3AP,
,,,,SNX8,
,,,,AKT2,
,,,,RPL38,
,,,,MON1B,
,,,,OVOL1,
,,,,FAM217B,
,,,,NT5DC2,
,,,,PANK3,
,,,,PON2,
,,,,PALMD,
,,,,PLXNA1,
,,,,SUMO2,
,,,,SLC35A4,
,,,,NDUFS1,
,,,,SNX3,
,,,,IGFBP5,
,,,,PPP1R1B,
,,,,DCN,
,,,,CWC15,
,,,,MECOM,
,,,,OSBPL2,
,,,,PICK1,
,,,,FEM1B,
,,,,ASB4,
,,,,ATE1,
,,,,NKG7,
,,,,ATMIN,
,,,,DPYSL2,
,,,,ZBTB40,
,,,,NAA40,
,,,,S100A6,
,,,,HAPLN1,
,,,,KAT7,
,,,,PSMB8,
,,,,PSME1,
,,,,FAM189A1,
,,,,DHRS3,
,,,,DUSP1,
,,,,CRISP1,
,,,,SYVN1,
,,,,CELSR1,
,,,,CA5B,
,,,,UNC79,
,,,,WDR62,
,,,,FAM114A1,
,,,,TMA7,
,,,,PPM1M,
,,,,ATP6V0D1,
,,,,CROT,
,,,,EIF2AK3,
,,,,USP43,
,,,,GSDMD,
,,,,SGSM2,
,,,,MTMR4,
,,,,LIF,
,,,,FGD6,
,,,,ZRANB2,
,,,,WDR72,
,,,,ANGPT2,
,,,,SOCS1,
,,,,B4GALT5,
,,,,RND1,
,,,,COG2,
,,,,NMI,
,,,,GSAP,
,,,,MRPL38,
,,,,ENTR1,
,,,,IGFBP7,
,,,,KCNG1,
,,,,EXPH5,
,,,,ZNF174,
,,,,LIPC,
,,,,LIG3,
,,,,SLC3A1,
,,,,AKAP9,
,,,,PCMT1,
,,,,MTMR3,
,,,,NAPSA,
,,,,BLNK,
,,,,CHD3,
,,,,NFAM1,
,,,,PRDM5,
,,,,ZNF672,
,,,,FAM13A,
,,,,DCC,
,,,,CYP7B1,
,,,,IL6R,
,,,,SERPINE1,
,,,,TSPYL1,
,,,,ARPC5L,
,,,,LMCD1,
,,,,PPP3CA,
,,,,LIMS2,
,,,,ELAC2,
,,,,MED13L,
,,,,RALGAPB,
,,,,CHMP4C,
,,,,ZNF445,
,,,,SIX4,
,,,,BCL2A1,
,,,,ETV1,
,,,,AK3,
,,,,BRF2,
,,,,BMP5,
,,,,PPL,
,,,,RBBP8,
,,,,IL20RA,
,,,,ECM1,
,,,,ATP2A3,
,,,,MEPCE,
,,,,SLC25A13,
,,,,P3H1,
,,,,FNDC3B,
,,,,CEP104,
,,,,PENK,
,,,,BDKRB2,
,,,,KDELR3,
,,,,P3H3,
,,,,ZFPM1,
,,,,SPRTN,
,,,,AP5B1,
,,,,GOSR1,
,,,,PPP4R3A,
,,,,TTC17,
,,,,GULP1,
,,,,PLD3,
,,,,MRC2,
,,,,ZNF185,
,,,,SH3BP4,
,,,,ACADL,
,,,,RPL39,
,,,,MAML3,
,,,,EIF4ENIF1,
,,,,PARP12,
,,,,LRPAP1,
,,,,COX17,
,,,,CD300C,
,,,,CAVIN2,
,,,,SHROOM2,
,,,,CAMK1G,
,,,,ZNF598,
,,,,TBC1D1,
,,,,SUSD6,
,,,,KANK2,
,,,,YTHDF2,
,,,,RNF4,
,,,,LEF1,
,,,,IGF2BP1,
,,,,PPP2R1B,
,,,,TAF4B,
,,,,ZNF644,
,,,,KIAA1755,
,,,,MTMR6,
,,,,IRF9,
,,,,RPL36A-HNRNPH2,
,,,,MTHFSD,
,,,,CLP1,
,,,,AHR,
,,,,DSP,
,,,,LMOD1,
,,,,RBM47,
,,,,TRIM11,
,,,,TTI1,
,,,,TM7SF2,
,,,,NIBAN2,
,,,,MAP3K15,
,,,,RPL31,
,,,,UPF1,
,,,,PID1,
,,,,RSU1,
,,,,MDFIC,
,,,,GIMAP4,
,,,,CHODL,
,,,,TMEM109,
,,,,ITPRIP,
,,,,MED21,
,,,,RRP12,
,,,,AXIN1,
,,,,STXBP5,
,,,,CYTIP,
,,,,KDM5C,
,,,,PTCH1,
,,,,PKDCC,
,,,,SNORA67,
,,,,LZTS1,
,,,,TMEM106A,
,,,,TEAD3,
,,,,HERC2,
,,,,DLX5,
,,,,SNORA63D,
,,,,LAPTM4B,
,,,,PAXIP1,
,,,,GPR107,
,,,,ARGLU1,
,,,,RPL28,
,,,,CLTB,
,,,,DCTN6,
,,,,MSS51,
,,,,HPGD,
,,,,TYROBP,
,,,,PLCB1,
,,,,PIGO,
,,,,CCDC88C,
,,,,FILIP1,
,,,,SNX6,
,,,,CDC42EP5,
,,,,COLEC11,
,,,,CMTM4,
,,,,VWA5A,
,,,,PARP4,
,,,,CHD8,
,,,,HMGB2,
,,,,CNKSR1,
,,,,NOP10,
,,,,WNT11,
,,,,RPS17,
,,,,LTF,
,,,,SLC25A1,
,,,,VAMP5,
,,,,RAB17,
,,,,CEP112,
,,,,ENPP6,
,,,,LIMK2,
,,,,MAX,
,,,,SEPTIN6,
,,,,AP3D1,
,,,,ANKRD29,
,,,,GPC3,
,,,,USP6NL,
,,,,IPPK,
,,,,SLC1A3,
,,,,STX8,
,,,,FAM189A2,
,,,,PRKAA2,
,,,,UCP2,
,,,,H1-3,
,,,,DDIT4,
,,,,TNFRSF21,
,,,,KDF1,
,,,,TNFSF12,
,,,,PTPRG,
,,,,PDGFRB,
,,,,EPAS1,
,,,,PER1,
,,,,UBE2Z,
,,,,MADD,
,,,,DHX8,
,,,,ZCCHC2,
,,,,TNK1,
,,,,FKBP1B,
,,,,MFAP3L,
,,,,RHOB,
,,,,CELF1,
,,,,METTL17,
,,,,MIR421,
,,,,CEMIP,
,,,,SCN1B,
,,,,RCC2,
,,,,L3MBTL1,
,,,,RCBTB2,
,,,,HM13,
,,,,RASSF2,
,,,,CEP170,
,,,,ELMO3,
,,,,GPAM,
,,,,PRXL2C,
,,,,FMNL2,
,,,,ACSBG1,
,,,,HK1,
,,,,DOCK10,
,,,,OTULINL,
,,,,PRKCD,
,,,,IRAG1,
,,,,C2CD2,
,,,,ZNF200,
,,,,WDR6,
,,,,TNFAIP3,
,,,,RAB3D,
,,,,INTS6L,
,,,,MINK1,
,,,,IFIT5,
,,,,CETN3,
,,,,ENDOV,
,,,,CLEC2B,
,,,,SLC37A2,
,,,,RPS16,
,,,,HUNK,
,,,,CRYZ,
,,,,GMDS,
,,,,MAN2A1,
,,,,HARS2,
,,,,LRRK2,
,,,,PBX3,
,,,,GPR68,
,,,,CCSER2,
,,,,PPP1R3D,
,,,,TMEM164,
,,,,DRAP1,
,,,,ZBP1,
,,,,RALB,
,,,,CASTOR1,
,,,,PJA1,
,,,,CDC14A,
,,,,RPS3A,
,,,,OTUD3,
,,,,ADGRG6,
,,,,RBM15,
,,,,PRKCE,
,,,,POGLUT3,
,,,,WIPF3,
,,,,MPL,
,,,,AOAH,
,,,,ZNF318,
,,,,ARRB2,
,,,,POLDIP2,
,,,,LONP1,
,,,,TRMT44,
,,,,TGM5,
,,,,GADD45A,
,,,,IMP3,
,,,,ITGA11,
,,,,CYLD,
,,,,IL11,
,,,,NEBL,
,,,,CNIH1,
,,,,RPL32,
,,,,TCN2,
,,,,FAXDC2,
,,,,OLR1,
,,,,SAP30L,
,,,,PRDM15,
,,,,CYB5R3,
,,,,LRP5,
,,,,PTPRC,
,,,,PPP1R12B,
,,,,MYSM1,
,,,,SEC11C,
,,,,SNIP1,
,,,,ADAM28,
,,,,SLIT2,
,,,,HOXC13,
,,,,DKKL1,
,,,,PODXL2,
,,,,TMEM170B,
,,,,TCP11L1,
,,,,APOD,
,,,,BCAS1,
,,,,GOT1,
,,,,MTERF3,
,,,,SYTL4,
,,,,TMPRSS13,
,,,,SLC2A12,
,,,,INO80,
,,,,CBX4,
,,,,OLFML2A,
,,,,NBEA,
,,,,EEF1AKNMT,
,,,,CSF3,
,,,,TBC1D25,
,,,,NCF4,
,,,,AMPD2,
,,,,ARHGAP15,
,,,,GOLGB1,
,,,,CCDC85A,
,,,,MEIS3,
,,,,OPHN1,
,,,,RBSN,
,,,,ANKHD1,
,,,,NFKBIA,
,,,,PCSK2,
,,,,SLC35G2,
,,,,ZPLD1,
,,,,GNB5,
,,,,PTP4A3,
,,,,CCN5,
,,,,CDH11,
,,,,KLHL21,
,,,,ATXN2L,
,,,,ULK1,
,,,,TCIRG1,
,,,,MYO19,
,,,,CDC42SE2,
,,,,ARL10,
,,,,RALGAPA2,
,,,,PLTP,
,,,,CYP51A1,
,,,,PI4KA,
,,,,ALDH3A2,
,,,,XK,
,,,,SYT11,
,,,,DHX37,
,,,,GMEB2,
,,,,ZMYND8,
,,,,SLC16A12,
,,,,AP5M1,
,,,,RAB8B,
,,,,NSMCE2,
,,,,RPL27A,
,,,,APC2,
,,,,LMBR1L,
,,,,HSPA9,
,,,,IL17B,
,,,,FAM167A,
,,,,PLXNA2,
,,,,SEMA4C,
,,,,FAM160B1,
,,,,LIG4,
,,,,LFNG,
,,,,MAP1LC3A,
,,,,MDN1,
,,,,DCAF1,
,,,,NRCAM,
,,,,MAFG,
,,,,RPL34,
,,,,IL1A,
,,,,ATP8B1,
,,,,ZBTB7A,
,,,,EDNRB,
,,,,CYB5D2,
,,,,PIK3C2B,
,,,,TSPAN11,
,,,,NUP155,
,,,,LSP1,
,,,,EPG5,
,,,,GTF3C2,
,,,,SPPL2B,
,,,,AOX1,
,,,,TTLL1,
,,,,TEAD1,
,,,,DIAPH1,
,,,,ZBTB11,
,,,,GRHL2,
,,,,ATP7A,
,,,,SFXN1,
,,,,PDXK,
,,,,RNASEH2B,
,,,,CSF1,
,,,,ABLIM1,
,,,,LETM1,
,,,,SEC62,
,,,,FPGS,
,,,,PCDH17,
,,,,DOCK2,
,,,,GPR35,
,,,,SH3BP5L,
,,,,CFAP36,
,,,,BMP4,
,,,,C1QB,
,,,,YIF1B,
,,,,C15orf62,
,,,,BATF3,
,,,,P3H4,
,,,,MAPRE2,
,,,,DCBLD2,
,,,,CHSY1,
,,,,IDH3A,
,,,,AACS,
,,,,LRRK1,
,,,,MYO1C,
,,,,MAMDC2,
,,,,NAV2,
,,,,ZNF316,
,,,,HIF1AN,
,,,,BIRC6,
,,,,CNDP1,
,,,,DNAH11,
,,,,MILR1,
,,,,IL15,
,,,,FKBP3,
,,,,MGST1,
,,,,IMPDH1,
,,,,FSCN3,
,,,,AQR,
,,,,RAPGEF4,
,,,,CSTF1,
,,,,WFDC2,
,,,,FRMD4A,
,,,,KLHL28,
,,,,PDE6D,
,,,,KBTBD4,
,,,,HOOK2,
,,,,ACOT11,
,,,,FA2H,
,,,,C5orf49,
,,,,GADD45G,
,,,,ARL6IP5,
,,,,ARHGEF18,
,,,,BRAP,
,,,,TBKBP1,
,,,,CACNA1S,
,,,,FOXJ3,
,,,,DYNC1H1,
,,,,C16orf70,
,,,,ALDH1A2,
,,,,BRD1,
,,,,CST3,
,,,,UACA,
,,,,IKBKG,
,,,,ZNF384,
,,,,FRMD3,
,,,,MGAT5B,
,,,,PPM1E,
,,,,RPRD2,
,,,,TJP3,
,,,,PLK3,
,,,,SLC25A36,
,,,,RDX,
,,,,FOXK1,
,,,,EEF1D,
,,,,MCUB,
,,,,OSGEPL1,
,,,,TNNI2,
,,,,MAP3K4,
,,,,CYP21A2,
,,,,TRPC6,
,,,,SLC35F2,
,,,,GPCPD1,
,,,,AREL1,
,,,,AKAP10,
,,,,INTS5,
,,,,ZSCAN25,
,,,,TEPSIN,
,,,,DCXR,
,,,,VDAC3,
,,,,FUT8,
,,,,CEP162,
,,,,RBM14,
,,,,TBRG1,
,,,,METTL21A,
,,,,STX2,
,,,,ZMAT3,
,,,,LAMB2,
,,,,CPNE8,
,,,,ARHGAP30,
,,,,DOCK7,
,,,,VCPIP1,
,,,,FBLN1,
,,,,ERAP2,
,,,,NQO2,
,,,,MUL1,
,,,,SFRP4,
,,,,SP1,
,,,,COL17A1,
,,,,AVIL,
,,,,NDST3,
,,,,CCDC9B,
,,,,AGPAT1,
,,,,NID2,
,,,,OSBP,
,,,,AIG1,
,,,,DOCK1,
,,,,MRM2,
,,,,PIK3AP1,
,,,,LPCAT4,
,,,,ITFG2,
,,,,TGS1,
,,,,FCER1G,
,,,,FAM83G,
,,,,MYOM1,
,,,,TCTN2,
,,,,CTSS,
,,,,ARHGEF6,
,,,,ATP2C1,
,,,,SCD,
,,,,PROCR,
,,,,PRKAR2B,
,,,,KBTBD6,
,,,,PREX2,
,,,,FRMD6,
,,,,SYCP2,
,,,,NR6A1,
,,,,C4BPA,
,,,,CDKL5,
,,,,AP5Z1,
,,,,TUBGCP6,
,,,,COMMD1,
,,,,SLC25A37,
,,,,CXCL9,
,,,,RHOH,
,,,,PTPN4,
,,,,CCL18,
,,,,ARL3,
,,,,IHO1,
,,,,GABRP,
,,,,PPM1F,
,,,,NFXL1,
,,,,PDE3B,
,,,,POLE4,
,,,,EDNRA,
,,,,TGFB1I1,
,,,,PRPF8,
,,,,CORO2A,
,,,,SEMA4B,
,,,,FERMT2,
,,,,PDE12,
,,,,ARAF,
,,,,KLF15,
,,,,PPTC7,
,,,,CRTC1,
,,,,PDP2,
,,,,FGFR1OP2,
,,,,AIDA,
,,,,MCTP1,
,,,,RGS4,
,,,,RASL11A,
,,,,PACS1,
,,,,KCNJ11,
,,,,SHISAL1,
,,,,ERC2,
,,,,C19orf44,
,,,,ACVR2B,
,,,,ESYT2,
,,,,CCL19,
,,,,CDC42BPG,
,,,,ITGA1,
,,,,RPS6,
,,,,FKBP15,
,,,,CSF3R,
,,,,KMT5B,
,,,,PWWP3A,
,,,,ACAT2,
,,,,DENND1A,
,,,,TNIK,
,,,,PIP4K2C,
,,,,RGS10,
,,,,SPCS3,
,,,,DNAJC10,
,,,,STRBP,
,,,,ANGPT1,
,,,,ANGPT4,
,,,,TFDP2,
,,,,TOM1L2,
,,,,S100A11,
,,,,N4BP2L1,
,,,,NCBP3,
,,,,PDCD7,
,,,,MYBBP1A,
,,,,SCTR,
,,,,CNMD,
,,,,MFSD11,
,,,,MKNK1,
,,,,TNKS,
,,,,SMIM19,
,,,,CMSS1,
,,,,TCERG1,
,,,,MRPS2,
,,,,VTA1,
,,,,SMPDL3A,
,,,,HHEX,
,,,,HTT,
,,,,DEF8,
,,,,TBXA2R,
,,,,CMTM3,
,,,,LRRC32,
,,,,LY96,
,,,,ACAP1,
,,,,CTDSP2,
,,,,CSPG4,
,,,,SPOCK3,
,,,,UTP20,
,,,,SDC3,
,,,,CASP3,
,,,,SH2D3A,
,,,,MMS19,
,,,,ITGA4,
,,,,PLCB4,
,,,,USP42,
,,,,HSD17B11,
,,,,RPL6,
,,,,CD244,
,,,,MCUR1,
,,,,ZNF385C,
,,,,RANBP6,
,,,,PTPRM,
,,,,HAT1,
,,,,RHBDF2,
,,,,SH2D3C,
,,,,TNRC6C,
,,,,NCEH1,
,,,,COPZ2,
,,,,MEGF6,
,,,,METTL9,
,,,,TMEM200A,
,,,,OLFM1,
,,,,B3GLCT,
,,,,ZSCAN29,
,,,,UBAP2,
,,,,ZCRB1,
,,,,PTH1R,
,,,,PPFIA3,
,,,,NELL2,
,,,,SIN3A,
,,,,CCAR2,
,,,,TPP2,
,,,,SLC5A3,
,,,,FOLR1,
,,,,NXN,
,,,,ESRP1,
,,,,KANK1,
,,,,TYSND1,
,,,,KCNK1,
,,,,ABCC5,
,,,,IFT27,
,,,,S1PR4,
,,,,ICAM3,
,,,,MSGN1,
,,,,TAGAP,
,,,,ALOX5,
,,,,TMEM87A,
,,,,DSC1,
,,,,ATP6V0A2,
,,,,UVSSA,
,,,,ETV3,
,,,,POGLUT2,
,,,,PLEKHM2,
,,,,KIF5C,
,,,,RPS27A,
,,,,AK1,
,,,,SERP2,
,,,,RGMB,
,,,,KLHL18,
,,,,TPM4,
,,,,PACSIN2,
,,,,ZSCAN20,
,,,,PRSS16,
,,,,SLC9A1,
,,,,SMG5,
,,,,MIGA2,
,,,,PAICS,
,,,,UXS1,
,,,,SMIM1,
,,,,TMEM185B,
,,,,ATXN7L1,
,,,,DMXL1,
,,,,CXCL10,
,,,,BAG6,
,,,,SELL,
,,,,ASB1,
,,,,DENND6B,
,,,,IFNGR1,
,,,,FURIN,
,,,,IFFO2,
,,,,ORC6,
,,,,ADNP,
,,,,VAV1,
,,,,FAM160A2,
,,,,TAOK2,
,,,,FRAT1,
,,,,TCEA2,
,,,,HTR7,
,,,,ENTPD4,
,,,,SARNP,
,,,,PIM2,
,,,,SLC7A8,
,,,,IRF6,
,,,,UBE2A,
,,,,KDR,
,,,,FKBP5,
,,,,ARMCX1,
,,,,RBMS3,
,,,,ST6GALNAC4,
,,,,RPS12,
,,,,TSPAN12,
,,,,FHL1,
,,,,VWF,
,,,,TEAD2,
,,,,FDPS,
,,,,MYG1,
,,,,IL31RA,
,,,,LOX,
,,,,RTN4R,
,,,,ARPC3,
,,,,COL4A4,
,,,,EIF3E,
,,,,ARID1B,
,,,,EIF1AD,
,,,,PDE5A,
,,,,PKNOX2,
,,,,ADAM10,
,,,,PDE3A,
,,,,DMPK,
,,,,TAF1L,
,,,,ERG,
,,,,UBE3C,
,,,,TCF20,
,,,,ARAP3,
,,,,UBTD2,
,,,,PACC1,
,,,,FGD3,
,,,,ILKAP,
,,,,IARS2,
,,,,TFRC,
,,,,PNPLA7,
,,,,PSMD2,
,,,,MFSD2B,
,,,,FAM91A1,
,,,,CLASP2,
,,,,APOA1,
,,,,NMT1,
,,,,CYP11A1,
,,,,AP1G2,
,,,,GPD2,
,,,,NAA16,
,,,,CASC3,
,,,,RCSD1,
,,,,DHX15,
,,,,MEIS1,
,,,,CNN2,
,,,,SNRPD1,
,,,,CLNS1A,
,,,,CA4,
,,,,EGFL6,
,,,,NDUFA2,
,,,,METTL3,
,,,,SNRPN,
,,,,ARHGAP31,
,,,,ECE1,
,,,,MORC2,
,,,,AMMECR1L,
,,,,FHL5,
,,,,SIK3,
,,,,DLG4,
,,,,MEAK7,
,,,,ALDH1A3,
,,,,PIK3R3,
,,,,C15orf39,
,,,,C1QTNF2,
,,,,PLD2,
,,,,BNIP2,
,,,,FBRSL1,
,,,,WASF2,
,,,,TSPAN4,
,,,,TIMP4,
,,,,IARS1,
,,,,TRIM41,
,,,,PCGF3,
,,,,SRRM1,
,,,,DRAM2,
,,,,THSD7A,
,,,,KPNA6,
,,,,GRAMD2B,
,,,,GAS7,
,,,,MAT2A,
,,,,CD200R1L,
,,,,MRPL49,
,,,,TEAD4,
,,,,CYTH4,
,,,,RPS18,
,,,,SDR39U1,
,,,,TRIM29,
,,,,NCAPD2,
,,,,TRIM26,
,,,,AGPAT2,
,,,,HOXA10,
,,,,GRAMD1A,
,,,,CD82,
,,,,ZDHHC7,
,,,,HECTD3,
,,,,CD276,
,,,,VBP1,
,,,,CHFR,
,,,,UNC119,
,,,,PALLD,
,,,,FTSJ3,
,,,,MFSD5,
,,,,C1orf198,
,,,,LY86,
,,,,FOXK2,
,,,,TCF7,
,,,,STRADB,
,,,,MRPL33,
,,,,GGA3,
,,,,PMPCA,
,,,,PDE7B,
,,,,KLHDC3,
,,,,MED12,
,,,,UGDH,
,,,,DALRD3,
,,,,PLXDC1,
,,,,NSD1,
,,,,ALDH8A1,
,,,,NID1,
,,,,CDKL2,
,,,,CHD6,
,,,,BRD8,
,,,,CASP7,
,,,,CLIP3,
,,,,CLCN6,
,,,,TINAGL1,
,,,,L1CAM,
,,,,CCL27,
,,,,NEDD4,
,,,,CTIF,
,,,,PAK4,
,,,,TNFAIP1,
,,,,RBP7,
,,,,CCDC149,
,,,,CPQ,
,,,,PLA2G7,
,,,,BPTF,
,,,,SNTG1,
,,,,STX1A,
,,,,UBAC2,
,,,,TNIP2,
,,,,SYMPK,
,,,,GAB2,
,,,,CCL8,
,,,,OLFM2,
,,,,ARMC2,
,,,,MFAP4,
,,,,SORL1,
,,,,ETV7,
,,,,LYSMD2,
,,,,BIN2,
,,,,TSTD2,
,,,,ATP13A1,
,,,,AGO2,
,,,,LRRC8E,
,,,,COL15A1,
,,,,RIN2,
,,,,CAMK1D,
,,,,COMMD10,
,,,,ASF1A,
,,,,ID1,
,,,,URB2,
,,,,SPCS2,
,,,,CARD19,
,,,,ANKRD28,
,,,,PTGES2,
,,,,WNK2,
,,,,CAPN10,
,,,,PREPL,
,,,,IRS1,
,,,,SUPT5H,
,,,,SCYL3,
,,,,MAPK1IP1L,
,,,,HMGCR,
,,,,STIM2,
,,,,MPZL3,
,,,,GYG1,
,,,,PLCD4,
,,,,ZNF79,
,,,,ABCB8,
,,,,RPS2,
,,,,FXYD4,
,,,,PTGER4,
,,,,ANKRD10,
,,,,REXO1,
,,,,TCF4,
,,,,AMBRA1,
,,,,DOK2,
,,,,KLHL23,
,,,,PTN,
,,,,TMEM130,
,,,,ASB6,
,,,,PRKCZ,
,,,,SMARCA1,
,,,,RIOK1,
,,,,ZNF532,
,,,,NDUFS2,
,,,,ARSB,
,,,,SMARCD3,
,,,,AKAP8,
,,,,MKX,
,,,,LLGL2,
,,,,SIGMAR1,
,,,,CD99L2,
,,,,NSMCE1,
,,,,AGTR1,
,,,,CALML4,
,,,,ROBO4,
,,,,BTAF1,
,,,,EZR,
,,,,CRKL,
,,,,HMGXB3,
,,,,ZNF592,
,,,,POLR3E,
,,,,PRKCB,
,,,,ATP2B2,
,,,,ARHGEF28,
,,,,C2orf68,
,,,,LYL1,
,,,,SDCCAG8,
,,,,SART3,
,,,,CCDC167,
,,,,IFIT3,
,,,,RIMKLB,
,,,,VASN,
,,,,SCAMP3,
,,,,NISCH,
,,,,BEND6,
,,,,AGO1,
,,,,DLST,
,,,,EPB41L1,
,,,,FABP4,
,,,,PTGIS,
,,,,TNXB,
,,,,ENO4,
,,,,FYN,
,,,,IGSF6,
,,,,PARD6G,
,,,,MOGS,
,,,,CHSY3,
,,,,SPRY4,
,,,,CNRIP1,
,,,,SPATA1,
,,,,EMID1,
,,,,SIPA1L1,
,,,,ATP8A1,
,,,,BLVRB,
,,,,CCDC191,
,,,,ADAMTS2,
,,,,NECAP2,
,,,,MAP2K4,
,,,,KANSL3,
,,,,SCAMP2,
,,,,FGL2,
,,,,ESAM,
,,,,FZD5,
,,,,GPR4,
,,,,LAS1L,
,,,,UAP1,
,,,,GLYR1,
,,,,C11orf71,
,,,,RPL21,
,,,,USP40,
,,,,ADAMTS6,
,,,,SLC30A7,
,,,,FMNL1,
,,,,DDAH2,
,,,,SELENOO,
,,,,PIDD1,
,,,,RMND5A,
,,,,RASA3,
,,,,FGD1,
,,,,EBI3,
,,,,ADGRL4,
,,,,ACP7,
,,,,ENPP2,
,,,,FAM199X,
,,,,TULP3,
,,,,MFNG,
,,,,CORO2B,
,,,,TADA2B,
,,,,ZC3H14,
,,,,ZC3H4,
,,,,DBR1,
,,,,S1PR2,
,,,,HDHD3,
,,,,SNORD21,
,,,,EHD2,
,,,,CISD3,
,,,,TBL1XR1,
,,,,LCOR,
,,,,BBOX1,
,,,,ECPAS,
,,,,CBL,
,,,,GLUL,
,,,,ATP5MD,
,,,,XPO7,
,,,,AHSP,
,,,,NR4A3,
,,,,KLF7,
,,,,SLC35D1,
,,,,PLA2R1,
,,,,TRIP6,
,,,,WNT5A,
,,,,DGCR8,
,,,,CNOT10,
,,,,RSC1A1,
,,,,PSAP,
,,,,C11orf97,
,,,,B4GALT3,
,,,,PCSK7,
,,,,PRRG1,
,,,,MICALL2,
,,,,SLC25A44,
,,,,NBEAL2,
,,,,ATG16L1,
,,,,PLPPR3,
,,,,JOSD1,
,,,,LRRC20,
,,,,THOC1,
,,,,APLP1,
,,,,SLC12A9,
,,,,MARVELD3,
,,,,AVPI1,
,,,,PTAFR,
,,,,FAM174A,
,,,,RHPN1,
,,,,SRGN,
,,,,GLO1,
,,,,POC1B,
,,,,APBA3,
,,,,GAK,
,,,,MCAM,
,,,,SLC8A1,
,,,,TBL2,
,,,,RASGRF2,
,,,,ALYREF,
,,,,IKZF1,
,,,,C1QC,
,,,,TSC22D3,
,,,,RGS5,
,,,,EPM2AIP1,
,,,,CTSO,
,,,,TERF1,
,,,,MSL2,
,,,,SLC27A1,
,,,,EOGT,
,,,,CCL2,
,,,,VEGFA,
,,,,SYK,
,,,,HIC1,
,,,,LHFPL2,
,,,,MSR1,
,,,,RNF40,
,,,,RPL18,
,,,,SSR4,
,,,,MRPL52,
,,,,THEMIS,
,,,,MT-ND1,
,,,,CCDC69,
,,,,ZNF24,
,,,,TGFBI,
,,,,ARHGEF3,
,,,,L3HYPDH,
,,,,PRICKLE3,
,,,,ADGRL2,
,,,,TMEM120B,
,,,,GIT1,
,,,,RAC2,
,,,,FAM13C,
,,,,ALCAM,
,,,,APLP2,
,,,,SSPN,
,,,,CLCN7,
,,,,MVD,
,,,,SCX,
,,,,C1QA,
,,,,C22orf23,
,,,,GCNT3,
,,,,ATP1A4,
,,,,PIWIL2,
,,,,SLC7A7,
,,,,ENPP3,
,,,,XRCC5,
,,,,CEP97,
,,,,TPRN,
,,,,PPFIBP2,
,,,,PTCD3,
,,,,GRK5,
,,,,PEX11A,
,,,,BAZ1B,
,,,,P2RX7,
,,,,COMMD8,
,,,,GALC,
,,,,NSD2,
,,,,HERC5,
,,,,GJA1,
,,,,ZNF446,
,,,,LARP4,
,,,,VPS13A,
,,,,GAA,
,,,,SEC11A,
,,,,STAT1,
,,,,FAM234A,
,,,,SH2B2,
,,,,TMLHE,
,,,,SCG3,
,,,,RASL12,
,,,,IVD,
,,,,PKNOX1,
,,,,MYL6,
,,,,GTF2H5,
,,,,KIAA2012,
,,,,TRIM47,
,,,,ZSWIM4,
,,,,REEP3,
,,,,SEC61B,
,,,,IP6K2,
,,,,GOLM2,
,,,,HPF1,
,,,,HR,
,,,,CD58,
,,,,RBMS2,
,,,,GSK3B,
,,,,PCDHGA6,
,,,,SRI,
,,,,TGFBR2,
,,,,CC2D1B,
,,,,LNX2,
,,,,PCBD1,
,,,,ASB11,
,,,,CERKL,
,,,,PAPOLG,
,,,,ZBTB39,
,,,,TOP2A,
,,,,RASA2,
,,,,TBC1D32,
,,,,MIR186,
,,,,PLEKHG5,
,,,,EDC4,
,,,,TPT1,
,,,,CNOT3,
,,,,SNAP23,
,,,,TDRD6,
,,,,CDC42,
,,,,GOLPH3L,
,,,,TRIM21,
,,,,SAAL1,
,,,,AARD,
,,,,PAX2,
,,,,TRIML2,
,,,,RHOA,
,,,,VPS29,
,,,,PAN2,
,,,,SERTAD3,
,,,,SLC38A2,
,,,,CD48,
,,,,CCNB2,
,,,,EDC3,
,,,,GRPEL2,
,,,,SOAT1,
,,,,ABI2,
,,,,MRM3,
,,,,RTN4RL2,
,,,,HOXB7,
,,,,KDM3A,
,,,,RPRD1A,
,,,,NUP210L,
,,,,COL22A1,
,,,,ATP9A,
,,,,CPXM1,
,,,,NKAPL,
,,,,PFDN4,
,,,,CLRN3,
,,,,WASHC3,
,,,,FANCE,
,,,,NUDT18,
,,,,OSTC,
,,,,EML2,
,,,,PHRF1,
,,,,POLR2B,
,,,,MIER3,
,,,,STAT5B,
,,,,TMCO4,
,,,,MTF1,
,,,,ADGRB1,
,,,,ADIRF,
,,,,FAM83F,
,,,,FHOD1,
,,,,PCLO,
,,,,IST1,
,,,,BTF3,
,,,,NTAN1,
,,,,FBXO33,
,,,,ISG15,
,,,,CBLN3,
,,,,GALNT10,
,,,,PARP14,
,,,,AFF4,
,,,,LSM4,
,,,,E2F6,
,,,,PIR,
,,,,NXT2,
,,,,CCNT2,
,,,,IP6K1,
,,,,ERAP1,
,,,,GNA12,
,,,,ARAP1,
,,,,FER,
,,,,PNPLA3,
,,,,TMEM131L,
,,,,POLRMT,
,,,,MYBPC3,
,,,,TMEM50A,
,,,,NUS1,
,,,,MFSD4B,
,,,,PLSCR4,
,,,,USP5,
,,,,RFX1,
,,,,YBX1,
,,,,ATL3,
,,,,BRPF3,
,,,,NT5C3A,
,,,,DNAAF5,
,,,,MBD6,
,,,,MED15,
,,,,KIAA1191,
,,,,SGIP1,
,,,,RGL1,
,,,,ITGB3,
,,,,ZBTB43,
,,,,ANTXR2,
,,,,TSC1,
,,,,UBE2T,
,,,,SYNE4,
,,,,EGFLAM,
,,,,FFAR2,
,,,,TRHDE,
,,,,POMT2,
,,,,MEP1B,
,,,,CWC25,
,,,,ADRA2A,
,,,,DHX40,
,,,,APBB1IP,
,,,,FRZB,
,,,,RASGRP2,
,,,,GDI2,
,,,,OLFM3,
,,,,HYAL2,
,,,,WNT5B,
,,,,PPHLN1,
,,,,TFIP11,
,,,,MT-ND2,
,,,,CSNK1D,
,,,,MTUS1,
,,,,YIPF4,
,,,,PCDH7,
,,,,ASPH,
,,,,RPL22L1,
,,,,FAM151A,
,,,,ANKAR,
,,,,FKBP8,
,,,,WBP2,
,,,,HGF,
,,,,SLC22A17,
,,,,MGST3,
,,,,CCDC107,
,,,,RELN,
,,,,CTR9,
,,,,PRDM1,
,,,,AP1S2,
,,,,KIF3C,
,,,,DUSP19,
,,,,EPSTI1,
,,,,NIPBL,
,,,,SMAP2,
,,,,CACTIN,
,,,,FLNB,
,,,,TUFT1,
,,,,DOCK4,
,,,,IFI35,
,,,,SNRPE,
,,,,WNT9A,
,,,,SURF6,
,,,,MFSD4A,
,,,,S1PR3,
,,,,SLC49A3,
,,,,CDK7,
,,,,CDK13,
,,,,GLIPR2,
,,,,PLD5,
,,,,SLAMF7,
,,,,CCBE1,
,,,,RBM25,
,,,,ITGB2,
,,,,C1orf174,
,,,,TMEM26,
,,,,ZNF48,
,,,,LIMCH1,
,,,,NAA25,
,,,,DPY19L1,
,,,,TMEM35B,
,,,,C21orf91,
,,,,RPL19,
,,,,ZNF512B,
